nconst,director_name,director_star_power,director_movies,director_avg_budget,director_avg_revenue,director_avg_roi,director_avg_rating,director_success_rate
nm0000095,Woody Allen,2.25,16,16.655319807015655,17.746090742645947,1.5098384476370446,6.7625,0.5625
nm0000108,Luc Besson,0.5,8,17.66618995441665,18.360471046589748,1.1668518250251094,6.2375,0.125
nm0000110,Kenneth Branagh,3.0,4,18.191267592203175,19.45798570776326,1.3216308160915848,6.5,0.75
nm0000123,George Clooney,2.4,5,17.385043282614657,18.092830485423224,1.5231663444711636,6.720000000000001,0.6
nm0000127,Wes Craven,2.4,5,17.3180604640072,18.085940933414122,1.106236900572691,5.64,0.6
nm0000142,Clint Eastwood,2.769230769230769,13,17.665330795130778,18.83933282660785,1.5493685283831282,7.230769230769231,0.6923076923076923
nm0000165,Ron Howard,2.0,10,18.242749547407136,19.26829521778367,1.2480144929055779,7.040000000000001,0.5
nm0000217,Martin Scorsese,2.0,6,18.500723460856673,19.39308097170728,1.2977971539308575,7.8999999999999995,0.5
nm0000229,Steven Spielberg,3.6363636363636362,11,18.327368577788757,19.628196224221256,1.5521759325904978,7.2727272727272725,0.9090909090909091
nm0000230,Sylvester Stallone,4.0,3,17.753850891190314,19.015110879092813,1.6221515785228875,6.833333333333333,1.0
nm0000231,Oliver Stone,0.8,5,18.092454430070035,18.565159949482354,0.9957917101825046,6.1,0.2
nm0000233,Quentin Tarantino,3.0,8,17.71241994588694,19.002420133106753,1.5262490779405768,8.0875,0.75
nm0000247,John Woo,1.6,5,18.3380401755923,19.220344438146935,1.2015453406603174,6.659999999999999,0.4
nm0000255,Ben Affleck,2.6666666666666665,3,17.32705602664604,18.759355645781607,1.5549215974963266,7.6000000000000005,0.6666666666666666
nm0000264,Pedro Almodóvar,3.3333333333333335,6,16.065046535316654,17.61161833105488,1.8920175872424134,7.216666666666666,0.8333333333333334
nm0000265,Robert Altman,2.0,4,16.64577845078778,17.362670178346534,1.1131063762525073,6.2,0.5
nm0000269,Jean-Jacques Annaud,1.0,4,17.825113909871874,18.091481810616607,0.8795280955286072,6.925,0.25
nm0000318,Tim Burton,3.111111111111111,9,18.31408490881139,19.486661699928618,1.3670427266595313,6.822222222222223,0.7777777777777778
nm0000338,Francis Ford Coppola,1.3333333333333333,3,15.852392615660088,14.529361267076512,0.6776107396595676,5.8999999999999995,0.3333333333333333
nm0000343,David Cronenberg,0.0,6,16.993564429978885,17.107818036334287,0.6947131583908606,6.566666666666666,0.0
nm0000361,Brian De Palma,0.0,5,17.50439003707821,17.39128750439112,0.4563995122801029,5.779999999999999,0.0
nm0000382,Atom Egoyan,0.0,4,16.405152603063083,15.400015255115497,0.3004559860361934,6.6,0.0
nm0000386,Roland Emmerich,1.7142857142857142,7,18.46742801603528,19.49513959899224,1.1359990526757047,6.171428571428572,0.42857142857142855
nm0000399,David Fincher,3.3333333333333335,6,18.141848299993427,19.300388200507687,1.538197806497699,7.666666666666667,0.8333333333333334
nm0000416,Terry Gilliam,1.0,4,17.360086551352644,17.57082085102754,0.6258804995818115,6.225,0.25
nm0000425,Peter Greenaway,0.0,3,16.118095750958314,10.647993025371216,0.004201859809659894,6.833333333333333,0.0
nm0000431,Taylor Hackford,1.3333333333333333,3,17.65854071333404,18.17084086655818,1.0300394932487296,6.733333333333333,0.3333333333333333
nm0000436,Curtis Hanson,1.3333333333333333,3,17.59209561539808,18.368556771313816,1.2072351369310779,6.766666666666667,0.3333333333333333
nm0000466,Jean-Pierre Jeunet,1.3333333333333333,3,17.04763164905618,18.002215225524193,1.950857827323603,7.466666666666666,0.3333333333333333
nm0000487,Ang Lee,2.6666666666666665,6,17.83189359673468,19.21176727154062,1.9688900646320877,7.233333333333333,0.6666666666666666
nm0000490,Spike Lee,1.3333333333333333,6,16.986595760954167,17.454950852982122,0.9640784099480215,6.516666666666667,0.3333333333333333
nm0000500,Richard Linklater,2.0,10,16.26219608151216,17.08709086462653,1.5234214000668571,7.220000000000001,0.5
nm0000520,Michael Mann,1.6,5,18.373589146900695,18.76243929621051,0.9413328802982799,6.540000000000001,0.4
nm0000568,Frank Oz,1.3333333333333333,3,17.834892099676992,18.286651452158527,1.2995056785833474,6.5,0.3333333333333333
nm0000583,Wolfgang Petersen,2.6666666666666665,3,18.858935681335133,19.63245135520229,1.1533708866603165,6.5,0.6666666666666666
nm0000591,Roman Polanski,1.0,4,17.47264133957008,17.96537616046527,0.998046752088082,7.4,0.25
nm0000600,Sam Raimi,3.3333333333333335,6,18.753575166394153,20.06320974350223,1.4675621725349082,6.8,0.8333333333333334
nm0000601,Harold Ramis,0.0,4,17.6441519761925,17.813257968839327,0.7506859430651135,5.8,0.0
nm0000602,Robert Redford,1.0,4,17.385043282614657,17.36917470961584,1.4452407003025045,6.550000000000001,0.25
nm0000631,Ridley Scott,1.8461538461538463,13,18.406737848123758,19.380429974973516,1.2853336005460538,7.1,0.46153846153846156
nm0000694,Wim Wenders,0.0,3,16.1508855705555,14.389205811042249,0.1494104899138488,5.933333333333334,0.0
nm0000709,Robert Zemeckis,2.2857142857142856,7,18.407740242806877,19.35591209080045,1.386543372290607,6.957142857142856,0.5714285714285714
nm0000759,Paul Thomas Anderson,1.0,4,17.05418904934434,17.405559511333752,0.885685897807029,7.3,0.25
nm0000783,Dario Argento,0.0,3,15.717618233614914,14.594609874160195,0.5482281941860729,4.8,0.0
nm0000801,Olivier Assayas,0.0,4,15.964361667634346,15.467931089088248,0.37967024576112646,6.550000000000001,0.0
nm0000876,Noah Baumbach,1.0,4,16.268668595459197,16.057061489041786,1.229093418968897,6.425,0.25
nm0000881,Michael Bay,3.5,8,18.80594315154573,20.20126905710247,1.5589381504438735,6.375,0.875
nm0000916,Peter Berg,2.0,6,18.393652081838418,19.201942254206475,1.1842740958758193,6.75,0.5
nm0000941,Kathryn Bigelow,2.0,4,17.570879776738856,17.94211617420352,1.0356551853188993,6.85,0.5
nm0000965,Danny Boyle,1.5,8,16.975167065612823,18.35109441068752,1.905611158555621,7.2125,0.375
nm0001024,Nick Cassavetes,4.0,5,17.179352187684735,18.50273923395548,1.5410460693936983,7.0200000000000005,1.0
nm0001053,Ethan Coen,4.0,6,17.05418904934434,18.614961738230075,1.7227709850757833,7.233333333333333,1.0
nm0001054,Joel Coen,3.111111111111111,9,17.175114077076625,18.46352641745236,1.5477894453667898,7.211111111111112,0.7777777777777778
nm0001060,Chris Columbus,2.6666666666666665,6,18.167936735737403,19.795031849145825,1.5888032802674559,6.5,0.6666666666666666
nm0001068,Sofia Coppola,0.8,5,16.496532155171714,17.622105494341803,2.111757516972558,6.659999999999999,0.2
nm0001081,Cameron Crowe,1.6,5,17.811874730208523,18.313697824019293,0.9405564404872169,6.7,0.4
nm0001093,John Dahl,0.0,3,17.389727131795453,16.64001230127135,0.6343383280654287,6.533333333333334,0.0
nm0001112,Andrew Davis,2.6666666666666665,3,17.46183042374637,18.217186822119654,1.7340025775470371,6.466666666666666,0.6666666666666666
nm0001129,Jonathan Demme,1.3333333333333333,3,17.41737866236131,17.756245813234816,0.9693477722062397,6.433333333333334,0.3333333333333333
nm0001219,Gary Fleder,1.6,5,17.562658943787092,17.72896220240156,0.8018480988192501,6.659999999999999,0.4
nm0001241,Stephen Frears,1.3333333333333333,6,16.86280697005756,17.758506375159865,1.4663227618049093,6.716666666666666,0.3333333333333333
nm0001243,William Friedkin,1.0,4,17.289028632213807,17.19959007811913,0.7291235912690539,6.325,0.25
nm0001282,Tony Goldwyn,0.0,3,16.733281344102608,16.912121493658322,0.7609476888072966,6.566666666666666,0.0
nm0001317,Renny Harlin,0.0,8,17.616602025031508,17.356060392375053,0.5678601483776431,5.35,0.0
nm0001331,Todd Haynes,2.6666666666666665,3,16.530205368010318,17.01147488078924,1.0719448179867186,7.133333333333333,0.6666666666666666
nm0001338,Brian Helgeland,1.0,4,17.535161694987387,18.016766996861175,0.9393579501821471,6.625,0.25
nm0001348,Werner Herzog,0.0,3,16.628921334724307,15.680060914116,0.3477108885759552,6.5,0.0
nm0001353,Walter Hill,0.0,3,17.822843761378564,16.387207942346606,0.3086130582576066,5.566666666666666,0.0
nm0001382,Peter Hyams,0.0,3,17.693632032406395,16.481404101130977,0.2872164378107957,4.966666666666666,0.0
nm0001392,Peter Jackson,3.5,8,18.896914929159916,20.516861333413086,1.9617941943274628,7.9375,0.875
nm0001401,Angelina Jolie,1.3333333333333333,3,17.1595495610806,17.83747333423869,0.6792187037640026,5.733333333333333,0.3333333333333333
nm0001403,Neil Jordan,0.0,3,17.2386868789539,16.988634478473777,0.3256427217970147,6.666666666666667,0.0
nm0001438,Neil LaBute,0.8,5,17.073607134447293,17.249336594623873,0.8167782302691737,5.66,0.2
nm0001469,Barry Levinson,0.6666666666666666,6,17.19990085520835,16.935679850614022,0.5736173157104417,5.716666666666666,0.16666666666666666
nm0001502,Luis Mandoki,0.0,3,17.189907585920675,16.534817584818263,0.4112092073348589,6.166666666666667,0.0
nm0001565,Mike Newell,1.0,4,18.576187655110576,19.65777322129151,1.2319703538138824,6.8,0.25
nm0001566,Mike Nichols,1.3333333333333333,3,17.804494623047066,18.234706427948993,1.1103296576420556,6.6000000000000005,0.3333333333333333
nm0001661,Rob Reiner,0.8,5,17.38222240635259,17.940404066377777,0.9078740964952539,6.38,0.2
nm0001674,Chris Rock,1.3333333333333333,3,16.780783675579947,17.062026802464885,0.9095539248049861,5.8,0.3333333333333333
nm0001675,Robert Rodriguez,2.3333333333333335,12,17.360086551352644,18.245257530779487,1.2715472481270143,5.616666666666667,0.5833333333333334
nm0001681,George A. Romero,2.6666666666666665,3,15.76142084987672,16.687211975063665,1.0991971768469255,5.5,0.6666666666666666
nm0001707,Paul Schrader,0.0,4,16.284668935440216,13.584261117517995,0.30798928268368064,5.35,0.0
nm0001708,Joel Schumacher,1.7142857142857142,7,17.374931973296608,17.89876302977376,1.103576494412875,6.471428571428571,0.42857142857142855
nm0001716,Tony Scott,0.6666666666666666,6,18.258161826219297,18.701814809925704,0.9262732542104837,6.833333333333333,0.16666666666666666
nm0001723,Tom Shadyac,1.3333333333333333,3,18.46947091764561,19.284071278430012,1.2925563255453716,6.1000000000000005,0.3333333333333333
nm0001741,Bryan Singer,2.6666666666666665,6,18.85678282798794,19.737604472063833,1.302902120761307,7.016666666666667,0.6666666666666666
nm0001752,Steven Soderbergh,1.8823529411764706,17,17.515068116770085,18.630426435667186,1.4746566830653105,6.529411764705882,0.47058823529411764
nm0001756,Barry Sonnenfeld,2.0,4,18.54951362458654,19.515427939428562,1.1027756075427202,6.25,0.5
nm0001774,Ben Stiller,4.0,3,18.064005814299346,18.814111769860244,1.140854504411457,6.966666666666666,1.0
nm0001814,Gus Van Sant,1.0,8,16.346226823385557,16.823670011999788,0.8515778048015473,6.6875,0.25
nm0001878,David Zucker,2.6666666666666665,3,17.370858648025116,18.72419640099031,1.4446902082517592,4.8999999999999995,0.6666666666666666
nm0001880,Edward Zwick,1.6,5,17.977513784236514,18.875613555537246,1.1183319495443513,7.32,0.4
nm0001885,Lars von Trier,2.0,8,15.876024217147117,16.36474898877058,1.1253993584036368,7.1,0.5
nm0002044,Roger Donaldson,2.0,6,17.336957097334658,17.605684903022834,0.9560007146129353,6.883333333333333,0.5
nm0002120,Lasse Hallström,2.4,10,17.00763168660829,17.956935215083956,1.3140619079584246,6.92,0.6
nm0002191,Jacques Audiard,0.0,3,16.266515742283485,16.6858658912668,0.9162826336936793,7.466666666666666,0.0
nm0002653,Joe Johnston,2.0,4,18.60923285877853,19.325054790334615,1.1498871808151674,6.375,0.5
nm0002700,Malcolm D. Lee,1.6,5,17.126053607854647,17.718672172988335,1.1855719433458407,5.62,0.4
nm0003160,Christopher McQuarrie,4.0,3,18.103684297561784,19.541426318726486,1.4996100068927665,7.0,1.0
nm0003418,Rob Cohen,2.857142857142857,7,17.983282604227917,18.871479977532836,1.6633432096650271,5.5,0.7142857142857143
nm0003506,James Mangold,2.6666666666666665,6,18.005165315142214,19.027279196847612,1.4049801587508917,7.016666666666667,0.6666666666666666
nm0003620,Kevin Smith,0.5714285714285714,7,16.681784821191947,17.152099991316945,1.0213622374256448,6.257142857142857,0.14285714285714285
nm0004056,Andrew Stanton,2.6666666666666665,3,18.978389959342397,20.181836321117146,1.736725064665733,7.733333333333333,0.6666666666666666
nm0004303,Gavin Hood,1.6,5,17.921454272504192,18.51952037518152,1.0483150305119298,6.88,0.4
nm0004306,George Miller,2.6666666666666665,3,18.657069529911332,19.534291564633882,1.2552409587923532,6.766666666666667,0.6666666666666666
nm0004363,Rakesh Roshan,4.0,3,16.075536140887344,17.41737866236131,1.4714521694601974,6.366666666666667,1.0
nm0004410,Mark Neveldine,1.6,5,17.229953199271186,17.73807262388058,0.9994526885694208,5.5600000000000005,0.4
nm0004716,Darren Aronofsky,2.4,5,17.418287340272755,18.83863778067906,2.146502270572899,7.42,0.6
nm0005069,Spike Jonze,1.3333333333333333,3,17.672725348024187,17.9114769709418,0.9537759646896659,7.433333333333334,0.3333333333333333
nm0005139,Mike Leigh,2.0,4,15.898072351590939,16.39890258748186,1.127451517041003,7.375,0.5
nm0005190,Garry Marshall,2.6666666666666665,6,17.565014657424058,18.621364584328123,1.334185364416239,5.933333333333334,0.6666666666666666
nm0005222,Sam Mendes,2.6666666666666665,6,18.499183814685303,19.789811509666144,1.2923556791305928,7.25,0.6666666666666666
nm0005363,Guy Ritchie,1.1428571428571428,7,17.96767470680554,18.85962755805779,1.0274529041474874,6.771428571428571,0.2857142857142857
nm0005366,Jay Roach,2.0,6,17.95599629209935,19.22682698332585,1.4695917144491386,6.516666666666667,0.5
nm0005367,Brian Robbins,0.6666666666666666,6,17.399029524198163,17.94328525140904,1.5000651686510362,5.25,0.16666666666666666
nm0005436,John Singleton,3.2,5,17.590567731255042,18.512019902404834,1.2050150431783169,6.08,0.8
nm0005509,Jon Turteltaub,2.4,5,18.36516804459293,19.350256900452806,1.3832815553802478,6.44,0.6
nm0005540,Keenen Ivory Wayans,3.0,4,17.535161694987387,18.88496065518187,1.8890695479923978,5.55,0.75
nm0005563,Irwin Winkler,0.0,3,16.52356082573315,16.47351613505789,0.6234915994501072,6.533333333333334,0.0
nm0005647,Andrzej Bartkowiak,2.4,5,17.468762860341794,17.904371998645836,1.068020811392714,5.279999999999999,0.6
nm0006476,Paul McGuigan,1.0,4,17.334491004912444,17.46081948468512,0.7748244969889516,6.675,0.25
nm0006487,Jim Sheridan,0.0,3,17.470488486264596,17.583870492500854,0.7935697430310574,6.233333333333333,0.0
nm0006554,Rodrigo García,0.0,3,16.4057777984101,15.170901540805264,0.37289188563514775,6.566666666666666,0.0
nm0006854,Roger Spottiswoode,0.0,3,17.620385198632558,17.388669750564627,0.42805291534843015,6.3,0.0
nm0006904,Tony Gilroy,2.6666666666666665,3,18.087536311377317,18.82117355286666,1.2188911757554377,6.633333333333333,0.6666666666666666
nm0006960,John Madden,2.4,5,16.96824662306297,18.069037661793402,1.8686088980333113,6.6,0.6
nm0007082,John Stockwell,0.5714285714285714,7,16.932195486239724,16.74200890036652,0.6068879173451451,5.571428571428571,0.14285714285714285
nm0007139,Hark Tsui,0.8,5,16.410765339548004,16.31576922681392,0.740717033087525,5.4399999999999995,0.2
nm0009190,J.J. Abrams,4.0,5,18.871756369682007,20.389476808021595,1.6616163448383303,7.44,1.0
nm0011470,Andrew Adamson,3.0,4,18.850838471154965,20.28815101823591,1.8076454812069855,7.175000000000001,0.75
nm0012541,Nikkhil Advani,0.8,5,15.86963441986494,15.961399898512905,0.8682398104481424,5.62,0.2
nm0014960,Alexandre Aja,4.0,4,16.766506989964455,17.873812657706104,1.428701640625921,6.175,1.0
nm0015295,Zoya Akhtar,1.0,4,15.955576839107596,17.664061161747448,1.9466716748448587,7.225,0.25
nm0015359,Fatih Akin,2.6666666666666665,3,15.830413711839864,16.54401088910581,1.4589302601658922,7.033333333333334,0.6666666666666666
nm0019242,Daniel Alfredson,2.6666666666666665,3,15.51417978705313,17.423192284848547,2.273248074270355,6.566666666666666,0.6666666666666666
nm0023355,Christian Alvart,0.0,3,16.84241849745198,16.639652765738955,0.5440279456774756,6.6000000000000005,0.0
nm0024622,Alejandro Amenábar,2.0,4,17.21508999813136,18.168568413861028,1.6684271093480283,7.05,0.5
nm0026442,Brad Anderson,0.8,5,16.001561947061912,16.660251125209385,0.9971329899285881,6.44,0.2
nm0027271,Paul W.S. Anderson,2.2857142857142856,7,17.974393656948944,18.914423057947435,1.31160353694906,5.857142857142857,0.5714285714285714
nm0027572,Wes Anderson,2.0,6,17.177042717916077,18.063913693390997,1.3380638423978524,7.633333333333333,0.5
nm0030417,Hideaki Anno,4.0,3,16.118095750958314,17.59775178739894,1.6411924630712995,7.433333333333334,1.0
nm0030735,Nimród Antal,1.6,5,16.785925074816024,17.477669918787193,1.0427055649245767,6.6,0.4
nm0031976,Judd Apatow,3.2,5,17.50937757846487,18.75414245061525,1.673369269257246,6.540000000000001,0.8
nm0037708,Miguel Arteta,3.0,4,16.42281926299767,17.35927255229875,1.356304014360233,6.4,0.75
nm0038432,Kelly Asbury,2.6666666666666665,3,18.30039458935606,19.84597985901059,1.6763609385003124,6.833333333333333,0.6666666666666666
nm0043742,David Ayer,3.2,5,17.088874605995333,18.096332645633133,1.5234132228948247,6.9,0.8
nm0044803,Jamie Babbit,1.3333333333333333,3,13.848301348528732,13.81547789076404,0.6257504749983124,6.133333333333333,0.3333333333333333
nm0049371,Jaume Balagueró,2.0,6,15.511126350125648,16.681118485456363,1.859688070993609,6.3,0.5
nm0049592,Marius Vaysberg,2.6666666666666665,3,15.391047125619224,16.090771729509235,1.2175825252601806,3.8333333333333335,0.6666666666666666
nm0053228,Ernie Barbarash,1.3333333333333333,3,15.712630692850144,17.642520820529608,1.9082769732984945,5.666666666666667,0.3333333333333333
nm0063357,Anees Bazmee,1.6,5,17.75281139007747,16.470050032553903,1.1479339749669435,5.76,0.4
nm0065608,Walt Becker,4.0,4,17.681489645833423,18.864366069692732,1.615866513950467,5.65,1.0
nm0067457,Timur Bekmambetov,3.4285714285714284,7,17.013757678085394,18.339983889633462,1.950865487686411,5.857142857142857,0.8571428571428571
nm0074426,Bibo Bergeron,1.3333333333333333,3,17.989897843244528,18.870293835741606,1.180295686560151,6.533333333333334,0.3333333333333333
nm0075849,Shari Springer Berman,2.6666666666666665,3,16.08419420273091,16.710937830001402,1.0364259703596916,6.466666666666666,0.6666666666666666
nm0080220,Sanjay Leela Bhansali,3.0,4,16.150464481950877,17.148523580490977,1.2999646401668203,7.05,0.75
nm0080235,Vishal Bhardwaj,1.0,4,15.636019602421621,16.133723005293437,0.9382124115721833,6.825,0.25
nm0080333,Vikram Bhatt,2.6666666666666665,3,16.359733863442724,16.951004817371683,1.6917313874826005,3.5666666666666664,0.6666666666666666
nm0081540,Susanne Bier,1.0,4,16.626418204656567,16.058016930110835,0.7245423027759703,6.675,0.25
nm0082450,Paul Feig,3.0,4,17.544211530288905,19.083278185867925,1.7356476478694958,6.45,0.75
nm0082802,Mike Binder,2.6666666666666665,3,16.4304704091712,16.993994684610378,1.0830516449057492,6.966666666666666,0.6666666666666666
nm0083348,Brad Bird,3.0,4,18.787058470284894,20.10665436448873,1.654117435843129,7.475,0.75
nm0088955,Neill Blomkamp,4.0,3,17.98475644382341,19.11620709371008,1.5857198284532132,7.1000000000000005,1.0
nm0093051,Uwe Boll,0.0,6,16.979578188591,15.797939168898532,0.3094222638596713,3.15,0.0
nm0094080,Fedor Bondarchuk,2.6666666666666665,3,17.04763164905618,17.45278408988031,1.0290853048440158,5.933333333333334,0.6666666666666666
nm0094435,Bong Joon Ho,4.0,4,16.489659276356317,17.815367098983693,1.9082827278738534,7.5,1.0
nm0101047,David Bowers,2.0,4,17.73748391404757,18.27679482779982,1.2575862097234516,6.449999999999999,0.5
nm0103744,Tom Brady,0.0,3,16.79443576404934,16.9744885401814,0.6518121510692295,4.433333333333333,0.0
nm0108132,Craig Brewer,2.6666666666666665,3,16.56704593483601,17.301937765781556,1.1335257912659829,6.7,0.6666666666666666
nm0109359,Steven Brill,2.0,6,17.351627286652015,17.94426990430242,1.2694808272487614,5.516666666666667,0.5
nm0125803,Bobby Farrelly,2.2222222222222223,9,17.65137222400959,18.371177397528918,1.171434769667189,5.944444444444445,0.5555555555555556
nm0132709,Martin Campbell,1.6,5,18.569100757691327,19.34342070119385,1.1556957631014055,6.42,0.4
nm0138620,Joe Carnahan,2.0,4,17.49497081539831,18.218436451869554,1.2602516874478256,6.775,0.5
nm0139867,Steve Carr,3.3333333333333335,6,17.408246179048245,18.474073722709075,1.593497582907675,5.266666666666667,0.8333333333333334
nm0141961,Thomas Carter,4.0,3,16.77734133156672,18.19128573040323,1.7746967061846142,6.733333333333333,1.0
nm0142286,D.J. Caruso,2.0,6,17.53717985909475,18.321836683340134,1.1790505810099758,6.483333333333333,0.5
nm0149260,Alain Chabat,1.3333333333333333,3,17.555716662992758,17.991283585203252,0.8518566833959058,6.033333333333334,0.3333333333333333
nm0149446,Gurinder Chadha,2.6666666666666665,3,15.873898818105843,17.494133889058716,2.294405922501141,6.7,0.6666666666666666
nm0150802,Benny Chan,0.0,3,16.906553056777135,16.746284062088748,0.5898552140280116,6.133333333333333,0.0
nm0151125,Teddy Chan,0.0,3,17.01686565402448,14.734969465864554,0.10227568593390629,6.333333333333333,0.0
nm0151540,Jay Chandrasekhar,2.0,4,16.798664099944315,17.492870965621368,1.3627640197442648,6.025,0.5
nm0153078,Larry Charles,4.0,3,17.545212030598464,19.081198425503437,2.0647870917646833,6.6000000000000005,1.0
nm0155093,Peter Chelsom,3.0,4,17.742422195590603,18.454024456898285,1.3036195088179319,5.575,0.75
nm0158984,Sylvain Chomet,0.0,3,16.41820031748273,16.361657535407797,0.7314917638904714,7.433333333333334,0.0
nm0159507,Stephen Chow,4.0,3,16.628921434724298,17.974978563973334,1.5922546292181377,7.133333333333333,1.0
nm0160126,Rich Christiano,0.0,4,13.545997098796054,13.702403168169612,0.7452460170779639,4.875,0.0
nm0160840,Jon M. Chu,3.0,4,17.665658180950928,18.95792511748128,1.5687172283185158,5.575,0.75
nm0161152,Oxide Chun Pang,1.0,4,16.737097647133716,17.035029655887993,0.7931616091209431,5.825,0.25
nm0170719,Nigel Cole,2.0,4,16.475770165160203,17.61318127037775,1.582626918121996,6.875,0.5
nm0174374,Bill Condon,2.6666666666666665,6,17.881684260362537,19.49216014475665,1.471188404149423,6.2,0.6666666666666666
nm0178376,Scott Cooper,1.3333333333333333,3,17.12361755314578,17.80930552581199,1.4157364301289206,6.8999999999999995,0.3333333333333333
nm0178997,Frank Coraci,2.4,5,18.07678100560673,18.73383204344899,1.1402528827075384,6.08,0.6
nm0179221,Anton Corbijn,2.0,4,16.380459992348886,17.11952193072094,1.0332993195749725,6.65,0.5
nm0190859,Alfonso Cuarón,3.0,4,18.184958423089522,19.81766323732164,1.8169339535773417,7.800000000000001,0.75
nm0191147,Michael Cuesta,1.3333333333333333,3,14.525187532278588,14.688366440339216,0.8764051539377353,7.133333333333333,0.3333333333333333
nm0192845,John Curran,0.0,3,16.51013780630191,16.365687570403505,0.6056329501151807,6.333333333333333,0.0
nm0193485,Richard Curtis,2.6666666666666665,3,17.341871111992198,18.64176647807905,1.7494805881535893,7.533333333333334,0.6666666666666666
nm0196860,Olivier Dahan,1.3333333333333333,3,16.752907307508835,17.445627179493627,0.9196037725778808,6.333333333333333,0.3333333333333333
nm0197636,Stephen Daldry,3.0,4,17.05418904934434,18.375236023789544,2.1688566514566614,7.425,0.75
nm0200005,Lee Daniels,2.6666666666666665,3,16.577628043494652,18.138338279276674,1.6064037901368173,6.733333333333333,0.6666666666666666
nm0201509,Eric Darnell,4.0,4,18.64781632450424,20.15516492986444,1.759338474239564,6.75,1.0
nm0213450,Dean DeBlois,4.0,3,18.683045016112164,19.95383024346525,1.5189022628001276,7.766666666666667,1.0
nm0220600,Scott Derrickson,4.0,4,17.312018149733785,18.736792817347407,2.420153205765712,6.3,1.0
nm0222043,Howard Deutch,1.3333333333333333,3,17.41737866236131,17.48618345738024,0.8088865137227677,5.966666666666666,0.3333333333333333
nm0223359,Tom Dey,1.0,4,17.909855136853043,18.39829745937277,1.0116929413181974,5.575,0.25
nm0229694,David Dobkin,1.6,5,17.847979734198784,18.6589775111734,1.3093797048218152,6.5200000000000005,0.4
nm0230032,Pete Docter,4.0,3,18.858935681335133,20.400493060540313,1.7429250713846762,8.166666666666666,1.0
nm0235719,John Erick Dowdle,4.0,4,15.894952224644102,17.569340598695764,2.0156566548219312,6.35,1.0
nm0236226,Michael Dowse,0.0,4,16.213405921671733,15.542988450819403,0.36781371861588474,6.775,0.0
nm0240797,Dennis Dugan,2.5,8,18.044167472365917,18.950517924112205,1.1933084779253522,5.5125,0.625
nm0240995,Christian Duguay,0.0,3,17.27182727039325,16.736616083798125,0.5090249432485922,5.566666666666666,0.0
nm0245888,Jesse Dylan,2.6666666666666665,3,17.435397167376973,18.481210111036134,1.3041960723491388,6.033333333333334,0.6666666666666666
nm0252135,Breck Eisner,1.3333333333333333,3,18.197537205138154,18.488845616298175,1.017389810647778,6.166666666666667,0.3333333333333333
nm0254632,Stephan Elliott,0.0,3,16.351849460540215,16.234776064135083,0.5731075913029314,5.3,0.0
nm0254786,David R. Ellis,2.4,5,17.229953199271186,18.21771365691133,1.2658539594654918,5.4799999999999995,0.6
nm0264236,Richard Eyre,2.6666666666666665,3,16.286431050284573,16.923264174530377,1.1350833807348197,6.6000000000000005,0.6666666666666666
nm0266622,Rick Famuyiwa,2.6666666666666665,3,16.08419420273091,16.917980258798057,1.254579929067216,6.266666666666667,0.6666666666666666
nm0268380,Peter Farrelly,2.2222222222222223,9,17.65137222400959,18.371177397528918,1.171434769667189,5.944444444444445,0.5555555555555556
nm0269463,Jon Favreau,2.2857142857142856,7,18.292847383806116,19.327455337235392,1.4280730580673282,6.828571428571428,0.5714285714285714
nm0271402,Sam Fell,0.0,3,18.31160966005042,18.636939940381936,0.9074369829079594,6.566666666666666,0.0
nm0275277,Shana Feste,0.0,3,16.4304704091712,16.736681682336368,0.7328444841857723,6.366666666666667,0.0
nm0275286,David S. Goyer,1.3333333333333333,3,17.426428497635523,18.164624513935358,1.267788380006692,5.533333333333334,0.3333333333333333
nm0275629,Glenn Ficarra,2.6666666666666665,3,17.445170678943438,18.484629891443404,1.2596263016370126,6.866666666666667,0.6666666666666666
nm0275698,Andy Fickman,3.3333333333333335,6,17.188537096945446,18.370940979054843,1.501646040908238,5.766666666666667,0.8333333333333334
nm0281396,Ryan Fleck,1.3333333333333333,3,15.476908399202486,15.162154893789612,1.2852339438410312,6.866666666666667,0.3333333333333333
nm0281508,Ruben Fleischer,1.3333333333333333,3,17.431819346125096,18.230696072351275,1.2564121574353793,6.733333333333333,0.3333333333333333
nm0281598,Andrew Fleming,0.0,4,16.746704363714027,16.563049961814233,0.5234256053835584,6.15,0.0
nm0281945,Anne Fletcher,2.4,5,17.262318482725615,18.73613605557341,1.802303094501465,6.08,0.6
nm0284774,Anne Fontaine,0.0,3,16.718762033568705,13.985772466413788,0.05766853431531717,6.466666666666666,0.0
nm0286975,Marc Forster,2.2222222222222223,9,17.945329524465826,18.877351004674818,1.3921646233844922,6.966666666666667,0.5555555555555556
nm0291205,David Frankel,3.0,4,17.541204009297314,18.987253944295286,1.6866533407436957,6.625,0.75
nm0294457,Thor Freudenthal,4.0,3,17.65854071333404,18.690827604278226,1.5146282847400703,5.833333333333333,1.0
nm0294997,Jason Friedberg,3.0,4,16.983093130550188,18.093912825252353,1.4258291631632458,2.675,0.75
nm0298807,Antoine Fuqua,2.2222222222222223,9,17.848767445923073,18.532200882125053,1.130223508037014,6.822222222222222,0.5555555555555556
nm0303032,George Gallo,0.0,3,16.672938217557352,16.394701406872915,0.43692486873697817,5.833333333333333,0.0
nm0304521,Christophe Gans,2.6666666666666665,3,17.435397167376973,18.105219772557607,1.0864017814479572,6.633333333333333,0.6666666666666666
nm0317638,Tony Giglio,0.0,3,16.354484507969914,14.76353080880242,0.15581337492741784,5.866666666666667,0.0
nm0318916,Craig Gillespie,0.0,4,16.917852611520342,17.251945578617583,0.8514338039778043,6.475,0.0
nm0323239,Will Gluck,3.0,4,17.281246492014,18.369332024344654,1.643119906522057,6.25,0.75
nm0327273,Michel Gondry,0.6666666666666666,6,17.26040992166517,17.8880497744544,0.9520432567683206,6.766666666666667,0.16666666666666666
nm0327944,Alejandro G. Iñárritu,4.0,5,17.50439003707821,18.954636092904508,1.9042190937549373,7.74,1.0
nm0330140,Dennie Gordon,1.3333333333333333,3,16.93198449352754,17.351409020121515,0.9802513483451227,5.6000000000000005,0.3333333333333333
nm0331532,Raja Gosnell,3.4285714285714284,7,18.03080774537197,19.344696327894518,1.6333538986795004,5.171428571428572,0.8571428571428571
nm0332950,Ashutosh Gowariker,1.3333333333333333,3,15.348787325260126,16.444998508678765,1.3138258658901552,7.933333333333333,0.3333333333333333
nm0336620,F. Gary Gray,2.4,5,17.6441519761925,18.675564937698706,1.4147436479555437,6.76,0.6
nm0336695,James Gray,1.0,4,16.68907525404123,16.787135214034883,0.775657531930821,6.7,0.25
nm0337773,David Gordon Green,1.0,8,16.680863665403276,16.90055840337328,0.945543342025613,6.2875,0.25
nm0339004,Luke Greenfield,2.0,4,16.983093130550188,18.191577962268493,1.5714646703905235,5.95,0.5
nm0339030,Paul Greengrass,3.2,5,17.958645300228824,19.228315812683984,1.616860582461326,7.58,0.8
nm0340436,Kevin Greutert,4.0,3,16.08419420273091,18.152195372341012,2.6102400431379635,5.666666666666667,1.0
nm0348181,James Gunn,1.3333333333333333,3,17.95067713070663,19.384867972222406,1.0846724575467754,7.066666666666666,0.3333333333333333
nm0348197,Jon Gunn,1.3333333333333333,3,14.403297778421795,15.420746989860442,1.1730987207128396,6.066666666666666,0.3333333333333333
nm0353673,Paul Haggis,2.0,4,16.900855035922238,17.713128537401865,1.7375517135697867,7.1,0.5
nm0359387,John Lee Hancock,3.0,4,17.681489645833423,18.68916715477953,1.7001868618691593,7.025,0.75
nm0359734,Michael Haneke,0.6666666666666666,6,16.273988469523115,16.31221835504057,0.8083530028864304,7.233333333333333,0.16666666666666666
nm0362566,Catherine Hardwicke,2.4,5,17.154832571369333,18.52092395812869,1.5968742289417897,6.3,0.6
nm0362734,Rob Hardy,2.6666666666666665,3,14.326336781730085,15.595762401050726,1.5255897997715697,4.633333333333333,0.6666666666666666
nm0371755,Jimmy Hayward,2.6666666666666665,3,17.94800690219353,18.755035984174288,1.0689380201469072,5.766666666666667,0.6666666666666666
nm0371890,Michel Hazanavicius,1.3333333333333333,3,16.759949589762293,17.90099928948267,1.556770133545615,7.2,0.3333333333333333
nm0378893,Stephen Herek,0.0,4,17.385043282614657,16.487626833171916,0.2851812921022905,6.025,0.0
nm0382072,Peter Hewitt,1.3333333333333333,3,17.697761425663145,18.080076912703042,0.8735538728365664,5.166666666666667,0.3333333333333333
nm0382584,George Hickenlooper,0.0,3,15.974994922702255,14.613424427902116,0.2638365592022008,6.3999999999999995,0.0
nm0382956,Scott Hicks,2.6666666666666665,3,17.147715103853763,18.093041275329657,1.3050270771057948,6.533333333333334,0.6666666666666666
nm0384722,Tim Hill,3.0,4,17.76675429577647,18.988342666184717,1.389397691331431,5.3,0.75
nm0384825,John Hillcoat,2.6666666666666665,3,16.811242881518265,17.195236945379754,1.0436726843559543,7.233333333333333,0.6666666666666666
nm0386246,Rajkumar Hirani,4.0,3,15.886583976024006,18.11251276762412,2.5239998493785785,8.166666666666666,1.0
nm0386570,Oliver Hirschbiegel,1.3333333333333333,3,17.426428497635523,17.754619446410448,1.2729917499173995,6.566666666666666,0.3333333333333333
nm0387706,Gregory Hoblit,2.0,4,17.41282284594998,17.928051482639425,1.4643081152882758,6.800000000000001,0.5
nm0392237,Nicole Holofcener,2.6666666666666665,3,14.99416586199818,15.803419745694363,2.047572640938587,6.366666666666667,0.6666666666666666
nm0393799,Tom Hooper,4.0,3,17.227757808780048,19.542410270542202,2.642632744506584,7.533333333333334,1.0
nm0398185,Peter Howitt,1.3333333333333333,3,17.301865778578982,18.057633171211915,1.0635313335045626,6.1000000000000005,0.3333333333333333
nm0400441,Allen Hughes,1.3333333333333333,3,17.858561843342684,18.301908739427443,0.9444745983398208,6.533333333333334,0.3333333333333333
nm0403101,Hermine Huntgeburth,1.3333333333333333,3,15.84005407038547,16.005798092523904,0.8110061314242996,6.066666666666666,0.3333333333333333
nm0403541,Nick Hurran,0.0,3,16.785925074816024,16.160193471266627,0.3691892939700861,6.033333333333334,0.0
nm0405336,Nicholas Hytner,2.6666666666666665,3,16.380459992348886,17.11368594675077,1.5517226843726728,6.733333333333333,0.6666666666666666
nm0405632,Mikael Håfström,3.3333333333333335,6,17.254859737676366,18.13660740994196,1.3752976010766198,6.683333333333334,0.8333333333333334
nm0407067,Álex de la Iglesia,0.0,3,15.57226171385656,15.397390068687553,0.5999649574035467,6.6000000000000005,0.0
nm0418982,Julian Jarrold,1.3333333333333333,3,16.5563506464056,16.852628794978138,0.8532721047553661,6.8999999999999995,0.3333333333333333
nm0421776,Vicky Jenson,2.6666666666666665,3,17.72753358339242,19.47655127987637,1.7028544863565218,6.3999999999999995,0.6666666666666666
nm0424103,Karan Johar,1.6,5,16.04104022856842,16.673490910695627,1.0453167982423937,6.68,0.4
nm0425756,Mark Steven Johnson,2.6666666666666665,3,18.20995972498239,18.828279017466773,1.0005354060659977,5.366666666666667,0.6666666666666666
nm0426059,Rian Johnson,1.3333333333333333,3,16.638376492930426,16.75065679124922,1.4705689618780078,7.066666666666666,0.3333333333333333
nm0426333,Tim Johnson,2.6666666666666665,3,18.333669377871825,19.39276706492403,1.332451751314529,6.666666666666667,0.6666666666666666
nm0428600,Kirk Jones,1.3333333333333333,3,17.17124560043339,18.107887880263487,1.272248204625312,6.466666666666666,0.3333333333333333
nm0437526,Shûsuke Kaneko,2.6666666666666665,3,16.554197793183544,17.29764182956624,1.1452654896506438,7.2,0.6666666666666666
nm0440458,Jake Kasdan,2.4,5,16.951004817371683,18.207857145766653,1.4826546281161752,6.08,0.6
nm0440604,Anurag Kashyap,2.2857142857142856,7,15.39566697855989,14.923601920775551,1.2121053273901345,7.5,0.5714285714285714
nm0446819,Richard Kelly,0.0,3,16.65848013521828,16.435537403532585,0.6592159857809494,6.3,0.0
nm0457565,Ryûhei Kitamura,1.0,4,16.298331784768557,16.064382299013353,0.5596981272546271,5.95,0.25
nm0458251,Cédric Klapisch,0.0,3,16.335891676374885,16.652151413543006,0.8183227437008546,7.0,0.0
nm0462895,David Koepp,1.0,4,17.47264133957008,17.71959495586628,0.8495860364329006,6.3,0.25
nm0464846,Andrei Konchalovsky,0.0,4,16.99782305729503,15.523084925249357,0.43141216331994386,5.9,0.0
nm0466349,Baltasar Kormákur,3.0,4,17.446496060149375,18.496913047401453,1.232388109540751,6.675,0.75
nm0469694,Wayne Kramer,1.0,4,16.36104190800008,15.521046476149962,0.6173882021274587,6.7,0.25
nm0470443,Gérard Krawczyk,3.0,4,16.486205041726866,17.749354828338557,1.5572508281893644,6.125,0.75
nm0474955,Roger Kumble,1.3333333333333333,3,17.351627286652015,17.769846650481405,0.9419481905586546,4.5,0.3333333333333333
nm0476201,Karyn Kusama,0.0,3,17.086346159737868,17.177940973292266,0.9205856018847609,5.8999999999999995,0.0
nm0477129,Ken Kwapis,1.6,5,17.20328495307807,18.06230989706853,1.2982618674225452,6.220000000000001,0.4
nm0481418,Richard LaGravenese,2.0,4,17.169791054773174,17.990953992998026,1.1285205159069496,6.65,0.5
nm0482681,Ringo Lam,0.0,3,16.380459992348886,14.479941855926073,0.28724198739326146,5.8999999999999995,0.0
nm0487166,Yorgos Lanthimos,1.3333333333333333,3,14.192119525795034,15.478523549533943,0.9140951637398209,6.833333333333333,0.3333333333333333
nm0490487,Wai Keung Lau,1.7142857142857142,7,16.01786492366309,15.299640608401644,2.0923675075398647,6.314285714285715,0.42857142857142855
nm0492909,Marc Lawrence,2.6666666666666665,3,17.779493321310472,18.781194782129248,1.3380793987674695,5.866666666666667,0.6666666666666666
nm0495536,Nikolay Lebedev,1.3333333333333333,3,16.084883620129183,16.666324529608108,1.0444174895355773,6.633333333333333,0.3333333333333333
nm0501185,Michael Lembeck,3.0,4,17.405949966851164,18.37239871378598,1.4237593092910494,5.525,0.75
nm0504642,Louis Leterrier,2.6666666666666665,6,18.12854433454406,19.18892078418363,1.3175618785972707,6.616666666666667,0.6666666666666666
nm0505152,Brian Levant,3.0,4,17.61099976960838,18.148061134234545,1.13573148448845,4.825,0.75
nm0506613,Shawn Levy,3.6363636363636362,11,18.06114458205925,19.217692352680057,1.4606721297537846,6.154545454545455,0.9090909090909091
nm0509448,Jonathan Liebesman,4.0,4,18.3180941662576,19.385087702474877,1.39104844204039,5.75,1.0
nm0510731,Doug Liman,3.2,5,18.326370075470134,19.391384862858725,1.3279417380096423,7.0200000000000005,0.8
nm0510912,Justin Lin,2.2857142857142856,7,18.047025730733793,19.449421582439125,1.7191776364906195,6.514285714285714,0.5714285714285714
nm0518644,Richard Loncraine,0.0,4,16.951004817371683,17.279940389474092,0.6417552628882259,6.225,0.0
nm0520488,Phil Lord,4.0,4,17.958645300228824,19.55744535553657,1.8602825270920897,7.2,1.0
nm0525303,Baz Luhrmann,2.6666666666666665,3,18.378121139968354,19.326303261583387,1.3337692561512384,7.1000000000000005,0.6666666666666666
nm0525659,Robert Luketic,2.2857142857142856,7,17.434120843051577,18.683301004221562,1.58929656462885,6.0,0.5714285714285714
nm0527109,Rod Lurie,0.0,5,17.068207969977745,16.31614366291807,0.3556205800784494,6.640000000000001,0.0
nm0527261,Patrick Lussier,1.3333333333333333,3,17.249497794707484,17.968121612164875,1.4154014637723078,5.233333333333333,0.3333333333333333
nm0528718,Jonathan Lynn,2.6666666666666665,3,16.880457947196035,17.659286021221412,0.9843554229244676,6.333333333333333,0.6666666666666666
nm0531817,Kevin Macdonald,1.0,4,17.024336087383013,17.55075362144819,1.332172303652851,6.825,0.25
nm0532235,Seth MacFarlane,4.0,3,17.779493321310472,19.464052688696004,1.8626233127534366,6.433333333333334,1.0
nm0538320,Alan Mak,2.4,5,14.998709369371163,15.52569707150852,2.398027926734204,7.0200000000000005,0.6
nm0551076,Neil Marshall,1.0,4,16.2899459920955,16.92936333244906,1.7670738000262765,6.55,0.25
nm0551128,Rob Marshall,2.4,5,18.665977107732434,19.691827323332145,1.4548248422242207,6.56,0.6
nm0553379,Renzo Martinelli,0.0,3,16.213405921671733,13.28657470731761,0.06155633496485704,5.366666666666667,0.0
nm0553942,Steve Martino,4.0,3,18.34811006187022,19.976753530922572,1.8046745936012698,6.766666666666667,1.0
nm0556076,Joachim Masannek,2.6666666666666665,3,15.528841229428249,16.19578855384792,1.1147772508819493,4.066666666666666,0.6666666666666666
nm0556094,Masayuki,4.0,3,16.118095750958314,17.59775178739894,1.6411924630712995,7.433333333333334,1.0
nm0560277,Erik Matti,0.0,3,13.769954109695236,13.646187750178775,0.6896472017265969,5.633333333333333,0.0
nm0562645,Les Mayfield,0.0,3,17.19423511786528,16.34128021476484,0.36379569288997743,5.333333333333333,0.0
nm0565336,Tom McCarthy,2.4,5,16.02006769735021,17.167121951873398,1.9027116439648835,7.239999999999999,0.6
nm0569166,Scott McGehee,1.3333333333333333,3,15.852392615660088,15.692422733478804,0.8872771358378364,6.466666666666666,0.3333333333333333
nm0569790,Douglas McGrath,0.0,4,16.572350986727976,16.06410421987145,0.386952666987467,6.075,0.0
nm0569891,Tom McGrath,4.0,4,18.643824303266577,20.132120904270177,1.7440017989974923,6.925,1.0
nm0570912,Adam McKay,2.6666666666666665,6,17.85709878531661,18.779698838734447,1.3713233608738686,6.8999999999999995,0.6666666666666666
nm0572562,Greg McLean,1.3333333333333333,3,16.08419420273091,16.52634007097626,2.4660805879964682,6.2,0.3333333333333333
nm0573732,Sean McNamara,1.3333333333333333,3,16.687190239452057,17.193740722961834,0.969164306294553,5.333333333333333,0.3333333333333333
nm0574625,James McTeigue,1.3333333333333333,3,17.50439003707821,18.137192049211915,1.002457220580523,6.933333333333334,0.3333333333333333
nm0576298,Olivier Megaton,3.0,4,17.522966422191022,19.21187123409419,1.8150821239810289,6.175,0.75
nm0576987,Fernando Meirelles,2.6666666666666665,3,16.69283465675314,17.606907858678124,1.6973210580637448,7.466666666666666,0.6666666666666666
nm0583600,Nancy Meyers,4.0,5,18.078190449090098,19.34731950818002,1.5798229864751285,6.8,1.0
nm0585011,Roger Michell,1.3333333333333333,3,17.188537096945446,17.76700421966629,0.8523720000595932,6.566666666666666,0.3333333333333333
nm0586281,Takashi Miike,1.7142857142857142,7,15.103402126364179,15.870196239964399,1.4706028645939992,6.714285714285714,0.42857142857142855
nm0587955,Bennett Miller,2.6666666666666665,3,17.11134746100564,17.862238823431586,1.4473039255310949,7.3,0.6666666666666666
nm0588087,Christopher Miller,4.0,4,17.958645300228824,19.55744535553657,1.8602825270920897,7.2,1.0
nm0588340,Frank Miller,1.3333333333333333,3,17.822843761378564,18.186248211191955,1.008852556434178,6.433333333333334,0.3333333333333333
nm0589168,Randall Miller,0.0,4,15.232576820175131,14.047093596411552,0.2464955388389739,6.5249999999999995,0.0
nm0591450,Rob Minkoff,1.6,5,18.234351177809064,18.83438949302326,0.976664185257453,6.0600000000000005,0.4
nm0593463,John Cameron Mitchell,1.3333333333333333,3,15.281847857526905,15.381509512949057,0.9052619916131976,6.966666666666666,0.3333333333333333
nm0593610,Mike Mitchell,3.2,5,18.182423567518462,19.533620422305123,1.4502710938711978,5.7,0.8
nm0594503,Hayao Miyazaki,4.0,4,17.102045068689467,19.152220489557127,2.256260683366922,8.049999999999999,1.0
nm0601382,John Moore,3.2,5,17.67413280776235,18.640311826564524,1.2980993153252054,5.7,0.8
nm0603628,Pierre Morel,1.0,4,17.289028632213807,18.147704180203945,1.3455047099601305,6.75,0.25
nm0609236,Jonathan Mostow,2.6666666666666665,3,18.5517090151307,19.246528435592012,1.0721812766131151,6.3999999999999995,0.6666666666666666
nm0609549,Greg Mottola,2.6666666666666665,3,16.96253232204443,18.372890090605527,1.657917046703276,7.1000000000000005,0.6666666666666666
nm0610831,Gabriele Muccino,2.6666666666666665,3,17.693632032406395,18.94384458589201,1.4291507704247095,7.1000000000000005,0.6666666666666666
nm0617042,Mark Mylod,1.3333333333333333,3,16.4304704091712,16.710473021686653,0.966451069851756,6.2,0.3333333333333333
nm0619599,Chris Nahon,1.3333333333333333,3,17.086346159737868,17.125910568433138,0.7368704497762865,5.8999999999999995,0.3333333333333333
nm0619762,Mira Nair,0.6666666666666666,6,16.6862463980008,16.619574156202,1.7740684814756738,6.633333333333333,0.16666666666666666
nm0619923,Olivier Nakache,1.3333333333333333,3,16.41841377616447,18.798278149703197,2.5196475837083145,7.333333333333333,0.3333333333333333
nm0626090,Jack Neo,3.5,8,14.372454780444528,15.197978859042301,1.3283782887145603,6.2875,0.875
nm0629272,Andrew Niccol,1.0,4,17.399029524198163,18.226416234161714,1.193599587839696,6.55,0.25
nm0629334,McG,2.0,6,18.36938746009113,19.06984915313169,1.0915681317062653,6.116666666666667,0.5
nm0634240,Christopher Nolan,4.0,8,18.648811844737814,20.10450857023732,1.6014794506512307,8.4125,1.0
nm0637518,Phillip Noyce,2.4,5,17.426428497635523,18.221946003985153,1.0560846621555382,6.8,0.6
nm0637615,Gaspar Noé,0.0,4,15.577669729089843,14.4705984606438,0.4138087892151429,6.65,0.0
nm0638271,Joe Nussbaum,0.0,3,16.257857680289998,16.24010972314252,0.7106614547927343,5.633333333333333,0.0
nm0639021,Arne Lindtner Næss,1.0,4,14.323685973027462,14.634424155354296,1.6339505523346782,5.2,0.25
nm0640334,Gavin O'Connor,1.0,4,17.11134746100564,17.238729557389597,0.7446565451443162,7.025,0.25
nm0651706,Mark Osborne,2.6666666666666665,3,18.12854433454406,19.490483021165122,1.5508921920290246,7.466666666666666,0.6666666666666666
nm0654830,François Ozon,4.0,3,15.73488129848423,17.02902192649797,1.487305075565918,6.8,1.0
nm0659380,Danny Pang,1.3333333333333333,3,16.989473783183453,17.315188502592168,0.9229950912233431,5.766666666666667,0.3333333333333333
nm0661791,Park Chan-wook,2.4,5,15.387351976686267,16.015715932750787,1.4638495387626018,7.3,0.6
nm0662529,Oliver Parker,2.0,4,16.84805685283375,17.812076451585632,1.1012028507653389,6.05,0.5
nm0668247,Alexander Payne,4.0,4,16.785925074816024,18.4700347086802,1.853953282911503,7.425,1.0
nm0677953,Donald Petrie,1.6,5,17.341871111992198,18.34188682588308,1.181351852381187,5.92,0.4
nm0679031,Brad Peyton,2.6666666666666665,3,18.33002638663314,19.565081191574194,1.4766518392194865,5.3999999999999995,0.6666666666666666
nm0680846,Todd Phillips,3.5,8,17.73500559808224,19.349309794255532,1.8397279181112642,6.5125,0.875
nm0684336,Steve Pink,1.0,4,17.1067070816214,17.809518583555207,1.1934523509540593,5.95,0.25
nm0687042,Paco Plaza,1.6,5,15.226497775576945,16.35677629017493,1.862791859928561,5.9,0.4
nm0689187,Michael Polish,0.0,4,15.439837279936441,15.29809819503653,0.5271169161713096,5.725,0.0
nm0697656,Gina Prince-Bythewood,2.6666666666666665,3,16.354484507969914,17.12703311577888,1.2143349229558502,7.066666666666666,0.6666666666666666
nm0698184,Priyadarshan,2.0,8,15.477704427073718,15.950406289549605,1.1932758264631722,6.525,0.5
nm0700301,Robert Pulcini,2.6666666666666665,3,16.08419420273091,16.710937830001402,1.0364259703596916,6.466666666666666,0.6666666666666666
nm0711745,Mani Ratnam,2.0,6,15.098294819978786,16.15891774147857,1.438869571315023,7.183333333333334,0.5
nm0711840,Brett Ratner,3.0,8,18.436800135672346,19.26317921460009,1.1847682077390693,6.5125,0.75
nm0712753,Billy Ray,0.0,3,16.59846212909527,17.083808030114152,0.8559511807924344,6.8,0.0
nm0715636,Peyton Reed,3.2,5,17.958645300228824,19.171115319033895,1.3837587221522663,6.459999999999999,0.8
nm0716257,Matt Reeves,2.6666666666666665,3,18.087536311377317,19.525445410095585,1.6238734727546982,7.233333333333333,0.6666666666666666
nm0716347,Nicolas Winding Refn,3.0,4,15.674928831429371,16.93711532576432,1.675131394113384,6.625,0.75
nm0718645,Ivan Reitman,1.3333333333333333,3,17.58443274282867,18.338774278338263,1.3306891037430488,6.366666666666667,0.3333333333333333
nm0718646,Jason Reitman,2.0,6,16.46640241581477,18.174191315188615,2.13249619672792,7.016666666666667,0.5
nm0719208,Chris Renaud,4.0,3,18.087536311377317,20.247032529352992,2.256087260135524,7.1000000000000005,1.0
nm0720135,John Requa,2.6666666666666665,3,17.445170678943438,18.484629891443404,1.2596263016370126,6.866666666666667,0.6666666666666666
nm0724938,Jean-François Richet,0.0,3,17.098924941470045,16.89580566187386,0.5834220302702269,7.066666666666666,0.0
nm0744834,Eli Roth,3.2,5,15.656060350091908,17.327540166133566,2.286503389925116,5.46,0.8
nm0751102,David O. Russell,2.0,6,17.291609278727382,18.62773365242372,1.6520049500208365,6.6499999999999995,0.5
nm0751221,Jay Russell,2.0,4,17.225006775498976,17.986990787278206,1.3530747169786168,6.625,0.5
nm0751577,Anthony Russo,2.6666666666666665,3,18.15931599280497,19.461897414179152,1.228914348219212,6.533333333333334,0.6666666666666666
nm0751648,Joe Russo,2.6666666666666665,3,18.15931599280497,19.461897414179152,1.228914348219212,6.533333333333334,0.6666666666666666
nm0752328,Stefan Ruzowitzky,1.3333333333333333,3,16.220953126623588,15.813516196229482,0.7564140601707106,6.166666666666667,0.3333333333333333
nm0757858,Carlos Saldanha,4.0,4,18.323619042128517,20.26532257462355,2.0898061671966603,6.725,1.0
nm0761498,Chris Sanders,4.0,3,18.657069529911332,19.92881697251531,1.5235041437773047,7.533333333333334,1.0
nm0771054,Lone Scherfig,4.0,3,15.873898818105843,17.34040804227047,2.1894490931220116,7.066666666666666,1.0
nm0776271,John Schultz,1.0,4,17.216707972959764,17.423369153775454,0.7653812111262316,4.675000000000001,0.25
nm0777881,Robert Schwentke,3.2,5,18.177334498075737,18.9886508287943,1.2955583645878088,6.44,0.8
nm0781842,Peter Segal,2.6666666666666665,6,18.119575664681957,18.913949061301572,1.1437621648172922,6.1499999999999995,0.6666666666666666
nm0782213,Santiago Segura,3.0,4,15.698785288119346,16.88783144219967,1.5403146068859066,5.7,0.75
nm0783536,Aaron Seltzer,3.2,5,16.951004817371683,18.130995279383388,1.4785398021335434,2.7,0.8
nm0784061,Dominic Sena,2.0,4,18.035018277846262,18.63151750037161,0.994881718361503,5.975,0.5
nm0788171,S. Shankar,1.3333333333333333,3,16.4212565557785,17.136085262877412,0.9611417637861575,7.333333333333333,0.3333333333333333
nm0788202,Adam Shankman,3.0,8,17.759032249831638,18.60865141234341,1.3776559227135012,6.0125,0.75
nm0791672,Richard Shepard,0.0,3,16.182634265845888,15.982657794567025,0.5919227204309809,6.5,0.0
nm0796117,M. Night Shyamalan,3.0,8,18.169009121885352,19.237821726148752,1.8065733417481031,5.775,0.75
nm0796915,David Siegel,1.3333333333333333,3,15.852392615660088,15.692422733478804,0.8872771358378364,6.466666666666666,0.3333333333333333
nm0797869,Brad Silberling,0.0,3,18.28141868811311,18.379072082451874,0.6342793338667988,6.233333333333333,0.0
nm0802248,Tarsem Singh,2.4,5,17.723525562075203,18.51575441033505,1.0777936635624439,6.459999999999999,0.6
nm0811583,Zack Snyder,2.0,6,18.433925980570805,19.427135987236593,1.3942028491129907,7.083333333333333,0.5
nm0812200,Iain Softley,1.3333333333333333,3,17.734178125978637,18.050110824698915,0.8866042977283158,6.666666666666667,0.3333333333333333
nm0813164,Peter Sollett,2.6666666666666665,3,15.53827733427679,16.32753111428544,1.2369609945695834,6.8,0.6666666666666666
nm0813309,Courtney Solomon,1.3333333333333333,3,16.92159093346325,16.72965886310125,0.7149833061232436,4.366666666666667,0.3333333333333333
nm0813786,Ben Sombogaart,0.0,3,15.47694067715643,14.788504696474595,0.510285231770952,6.433333333333334,0.0
nm0814085,Stephen Sommers,1.0,4,18.560442695023177,19.383079618016826,1.112763406157596,6.25,0.25
nm0815204,Paolo Sorrentino,1.0,4,16.433544946002662,16.340877957031324,0.7973949539576568,7.225,0.25
nm0824882,Burr Steers,1.3333333333333333,3,17.007357751540447,17.96011229242916,1.3386159278647372,6.533333333333334,0.3333333333333333
nm0829820,Scott Stewart,2.6666666666666665,3,17.211136928096526,17.909470546247295,1.6077218526402626,5.766666666666667,0.6666666666666666
nm0831557,Nicholas Stoller,3.0,4,17.19990085520835,18.683116682774266,1.8945833662206484,6.475,0.75
nm0848414,Lee Tamahori,0.8,5,18.067143742945518,18.743310196960106,0.9060089599168988,6.04,0.2
nm0853380,Julie Taymor,1.3333333333333333,3,17.060703730110887,17.174389826478638,1.0257093356761597,6.633333333333333,0.3333333333333333
nm0855035,Andy Tennant,3.0,4,17.77632374660947,19.113519713270104,1.6255983152028328,6.025,0.75
nm0858525,Betty Thomas,2.0,4,17.75709238505144,18.867879760261086,1.3808937253931832,5.45,0.5
nm0863387,George Tillman Jr.,1.3333333333333333,3,17.216707972959764,17.84321073883638,1.0280640865492723,6.8999999999999995,0.3333333333333333
nm0865918,Éric Toledano,1.3333333333333333,3,16.41841377616447,18.798278149703197,2.5196475837083145,7.333333333333333,0.3333333333333333
nm0868153,Giuseppe Tornatore,0.0,3,16.65848013521828,16.458250503181205,0.6627693809235491,7.366666666666667,0.0
nm0868219,Guillermo del Toro,1.7142857142857142,7,18.00840680901735,18.767565298046684,1.1785897559766247,7.071428571428571,0.42857142857142855
nm0875453,Kazuya Tsurumaki,4.0,3,16.118095750958314,17.59775178739894,1.6411924630712995,7.433333333333334,1.0
nm0878638,David Twohy,1.6,5,17.599700214609808,17.885467973020024,0.9322278257335274,6.5200000000000005,0.4
nm0878756,Tom Tykwer,1.0,4,17.85284377200233,18.228112541128237,0.8096922886969556,7.05,0.25
nm0885249,Jean-Marc Vallée,2.6666666666666665,3,16.724231509074087,17.64004600759311,1.818163540427473,7.3999999999999995,0.6666666666666666
nm0888418,Marina de Van,0.0,3,15.592130726334432,13.795289142988775,0.09944221055578167,5.6000000000000005,0.0
nm0890060,Ram Gopal Varma,2.5454545454545454,11,14.70302804551091,15.645470566882173,1.4786281682867488,5.763636363636364,0.6363636363636364
nm0891114,Tom Vaughan,1.3333333333333333,3,17.11134746100564,18.185103108822737,1.196287457078733,5.833333333333333,0.3333333333333333
nm0891216,Matthew Vaughn,2.4,5,18.05106530320968,19.127301327201906,1.363842947229614,7.56,0.6
nm0893659,Gore Verbinski,2.5,8,18.752678707353546,19.92441333934703,1.4066941232567827,7.0,0.625
nm0898288,Denis Villeneuve,2.6666666666666665,3,17.133326366919263,18.08246670126733,1.1512583304508655,8.066666666666666,0.6666666666666666
nm0905152,Lilly Wachowski,1.6,5,18.75429175545587,19.566158033741033,1.1546429135810117,6.5200000000000005,0.4
nm0905154,Lana Wachowski,1.6,5,18.75429175545587,19.566158033741033,1.1546429135810117,6.5200000000000005,0.4
nm0905592,Jeff Wadlow,4.0,3,16.60871862863128,17.439594506811936,1.7521133299113554,6.266666666666667,1.0
nm0906476,David Wain,1.0,4,16.723094499349067,17.197029457123968,0.7177682020279194,5.95,0.25
nm0908824,Randall Wallace,1.3333333333333333,3,17.520919338619585,18.338243569329578,1.5887816507700399,6.766666666666667,0.3333333333333333
nm0911061,Wayne Wang,3.0,4,17.166589472402972,17.855418447575506,1.6065985823057147,6.125,0.75
nm0914132,Mark Waters,2.0,8,17.527557095787227,18.51187902922082,1.4179923089728248,6.1625,0.5
nm0917188,Chris Wedge,4.0,3,18.17221939747438,19.53494245360086,1.653793062866749,6.833333333333333,1.0
nm0919363,Chris Weitz,3.2,5,17.89980480116789,19.36384616098835,1.7438003256209214,6.12,0.8
nm0919369,Paul Weitz,2.2857142857142856,7,17.297190141916847,18.235286985920123,1.531550270630902,5.957142857142857,0.5714285714285714
nm0920274,John Wells,1.3333333333333333,3,16.811242881518265,17.467710986099718,0.9961364679449308,6.833333333333333,0.3333333333333333
nm0922346,Simon West,2.0,6,17.837881638471732,18.598349202969406,1.0744832570100762,5.8500000000000005,0.5
nm0923736,Joss Whedon,2.6666666666666665,3,18.919433792556962,20.710885744197807,1.7275646555647102,7.7,0.6666666666666666
nm0925870,John Whitesell,2.4,5,17.13757249137968,17.929747001669217,1.1193804409323493,4.9799999999999995,0.6
nm0935095,Gary Winick,3.2,5,17.41090319643465,18.30602933238857,1.952144991224119,6.14,0.8
nm0935863,Michael Winterbottom,0.0,4,16.341239282272525,15.65704966199166,0.5742013759856617,5.925,0.0
nm0936482,Len Wiseman,3.0,4,18.156063957460898,19.10063685109597,1.3646214627475022,6.75,0.75
nm0939128,James Wong,2.0,4,17.273403314799037,18.322759587513204,1.4520733216130461,5.25,0.5
nm0939182,Wong Kar-Wai,2.0,4,16.58182973008354,17.232831134537175,1.3092212638773435,7.15,0.5
nm0942367,Edgar Wright,3.0,4,17.138746434192754,17.813350768058687,1.6242098056751888,7.5,0.75
nm0942504,Joe Wright,2.0,6,17.84857057615528,18.342815624860894,1.2107504305979846,6.883333333333333,0.5
nm0945026,Boaz Yakin,3.0,4,17.034386422832473,18.011108215681467,1.275968751563659,6.8,0.75
nm0945724,Takashi Yamazaki,2.6666666666666665,3,16.59825592228185,17.609541665925928,1.1817657760395404,6.566666666666666,0.6666666666666666
nm0946734,David Yates,4.0,4,19.08207923135902,20.764405147356655,1.965008803083566,7.725,1.0
nm0948159,Wilson Yip,1.6,5,16.54466978755087,17.605529925009748,1.086133614491192,6.779999999999999,0.4
nm0955443,Yimou Zhang,1.3333333333333333,6,17.293669011626754,18.12883716219765,1.2669445108987591,7.416666666666667,0.3333333333333333
nm0957772,Rob Zombie,3.2,5,15.90737474309945,17.28062075880335,1.4174875341692967,5.76,0.8
nm0958969,Harald Zwart,1.6,5,17.581351076362488,18.607474694666248,1.3610696677258218,5.82,0.4
nm0962729,Brian Taylor,2.0,4,17.363690158752053,17.954126893371686,1.1351597991808613,5.775,0.5
nm0970447,Conrad Vernon,4.0,3,18.86963097038325,20.349244009189384,1.7088367638333464,6.866666666666667,1.0
nm1027719,Farhan Akhtar,1.0,4,15.546236644761322,15.710089968321984,0.9417127912783336,7.525,0.25
nm1052791,Pascal Laugier,1.3333333333333333,3,15.936573894238999,15.447696624648648,2.111178862538367,5.966666666666666,0.3333333333333333
nm1069826,Gautham Vasudev Menon,3.0,4,15.176487367510099,16.231424425551033,1.4072630941506845,7.825,0.75
nm1101339,Pål Øie,0.0,3,15.011025293460023,13.942070959591687,0.37488477836876155,5.599999999999999,0.0
nm1103162,Tim Story,4.0,8,17.5295185296482,18.743685697075545,1.7709822629395733,5.9,1.0
nm1104118,Kim Ki-duk,1.3333333333333333,3,13.410046949854985,13.586320010364961,0.6875974143196723,7.0,0.3333333333333333
nm1135423,Darren Lynn Bousman,2.0,4,16.105516970017277,18.150474459818454,2.155376169238778,6.175000000000001,0.5
nm1139726,Neil Burger,4.0,3,17.57282719697774,19.00601664707854,1.7761812211112833,7.166666666666667,1.0
nm1164861,Seth Gordon,4.0,3,17.72753358339242,19.02302079457671,1.67505243382839,6.1000000000000005,1.0
nm1170855,J.C. Chandor,1.3333333333333333,3,16.198138450939545,16.344429627449347,1.189029988279866,6.966666666666666,0.3333333333333333
nm1189376,Sanjay Gadhvi,2.6666666666666665,3,15.830413711839864,16.923774026295163,1.6797632202777777,5.933333333333333,0.6666666666666666
nm1197971,Marcus Nispel,2.0,4,17.526029211646524,18.110132406455094,1.6822360592651038,5.575,0.5
nm1203138,Kabir Khan,2.6666666666666665,3,16.290366956073854,18.139054047317032,1.926380801780413,6.6000000000000005,0.6666666666666666
nm1213790,Roman Prygunov,3.0,4,14.480325648563406,15.67502458228191,1.3517443397463023,5.824999999999999,0.75
nm1224299,Rob Letterman,4.0,4,18.46947091764561,19.471899162428738,1.3816287177793745,5.9,1.0
nm1234345,Takashi Shimizu,2.0,4,16.408897925512697,18.12286860519597,1.977019744678021,6.0,0.5
nm1272773,Prachya Pinkaew,2.6666666666666665,3,15.077752553433013,16.583831414976405,2.1579372462513304,6.566666666666666,0.6666666666666666
nm1279950,Dmitriy Kiselev,4.0,3,15.503571894442146,16.792115939861326,1.6248264708068751,5.433333333333334,1.0
nm1294961,Michael Spierig,1.3333333333333333,3,15.980556351680946,16.751979032320918,0.812517422578191,6.366666666666667,0.3333333333333333
nm1294962,Peter Spierig,1.3333333333333333,3,15.980556351680946,16.751979032320918,0.812517422578191,6.366666666666667,0.3333333333333333
nm1296554,Ben Wheatley,1.3333333333333333,3,12.53200741468153,12.775429407185854,0.7293416886594747,6.3,0.3333333333333333
nm1346885,Anna Melikyan,0.0,3,14.316286451937186,13.28475769913888,0.2967267807725452,6.766666666666667,0.0
nm1347153,Tyler Perry,3.466666666666667,15,16.715099026011234,17.72802463346444,1.4418296868459053,5.319999999999999,0.8666666666666667
nm1349318,Sajid Khan,2.0,4,15.81360659578337,16.257857680289998,1.1260764927734983,4.75,0.5
nm1349376,Francis Lawrence,4.0,6,18.579107989081734,20.096905173262183,1.6762829994152464,6.966666666666666,1.0
nm1349522,Jonathan Levine,3.2,5,16.5202219246906,17.56978686630502,1.292502303067526,6.640000000000001,0.8
nm1349604,Rodolfo Riva Palacio Alatriste,4.0,3,14.79634018597593,16.44981953674584,1.9632777160171953,6.2,1.0
nm1429471,Jaume Collet-Serra,2.0,6,17.322068485284255,18.386263411008528,1.3283221245248424,6.433333333333334,0.5
nm1436693,A.R. Murugadoss,2.0,4,15.541842399805802,17.040964737930327,1.3900111153705579,7.325,0.5
nm1442514,S.S. Rajamouli,4.0,5,15.945025606643416,17.156080161555014,1.4137138959772029,7.58,1.0
nm1460159,Rohit Shetty,4.0,8,16.10425034553043,17.19352463828591,1.4629235994879872,6.0125,1.0
nm1481493,Gil Kenan,1.3333333333333333,3,17.822843761378564,18.25315585847989,0.9717482493815306,6.0,0.3333333333333333
nm1490123,James Wan,2.4,5,17.719501411856445,19.825783132035113,2.667823039311122,6.8,0.6
nm1589546,Kazuaki Kiriya,1.3333333333333333,3,16.724231509074087,16.182551731197734,0.8369341834000374,6.266666666666667,0.3333333333333333
nm1665004,Imtiaz Ali,0.8,5,15.6099509303579,16.27302997793964,1.1846994124191668,7.5,0.2
nm1720541,David Slade,4.0,3,17.31151297166308,19.3835592240766,2.0505371597424595,6.233333333333333,1.0
nm1731937,Alex Kendrick,2.6666666666666665,3,14.108180918195472,17.40820593053297,3.0752111864276674,6.7,0.6666666666666666
nm1853544,Pierre Coffin,4.0,3,18.105970012811294,20.608044928861204,2.573000613112453,7.1000000000000005,1.0
nm1887138,Mohit Suri,1.3333333333333333,3,15.024471202308668,15.967272877502799,1.7525387560747738,5.966666666666666,0.3333333333333333
nm1890845,Sean Anders,2.0,4,17.627713250209656,18.485781279786337,1.1962243949011857,6.15,0.5
nm1893457,Siddharth Anand,2.6666666666666665,3,15.411525652768916,16.14254599030046,1.249165999214263,5.966666666666666,0.6666666666666666
nm1953143,Steven M. Smith,1.3333333333333333,3,10.973946106947746,10.868587496017359,0.8994836135577737,2.8666666666666667,0.3333333333333333
nm1959192,Sergey Loban,1.3333333333333333,3,13.411545823732094,11.84419131470693,1.3344584634094279,7.433333333333333,0.3333333333333333
nm1962313,Dibakar Banerjee,0.0,3,15.579099321654189,14.978661680269907,0.6023738458866715,7.3,0.0
nm1989536,Marc Webb,4.0,3,18.763087723193983,20.04840021502573,1.8013949272287335,7.033333333333334,1.0
nm2158772,Jeff Nichols,1.3333333333333333,3,15.441477969070878,16.314827079504852,0.9403307608464412,7.233333333333333,0.3333333333333333
nm2198077,Sanjay Jadhav,1.3333333333333333,3,13.566298061932343,14.4538500301981,1.6180405284180244,6.5,0.3333333333333333
nm2296528,Jon Erwin,2.6666666666666665,3,15.607270193858982,16.125416289575952,1.3594426836268114,6.133333333333333,0.6666666666666666
nm2319883,Gabriel Riva Palacio Alatriste,4.0,3,14.79634018597593,16.44981953674584,1.9632777160171953,6.2,1.0
nm2399862,Aanand L. Rai,1.3333333333333333,3,15.278225922450835,16.422973131332316,1.2233184856673267,7.333333333333333,0.3333333333333333
nm2415918,Anton Megerdichev,1.3333333333333333,3,15.807940859018107,15.905890349934891,0.9909810360269826,5.566666666666666,0.3333333333333333
nm2420471,Karen Oganesyan,1.3333333333333333,3,14.26687551974968,14.74804596112224,0.964403548149794,5.266666666666667,0.3333333333333333
nm2910439,Kirill Kuzin,0.0,3,15.24262715360439,15.062009471981062,0.4514957907524819,2.3333333333333335,0.0
nm2979103,Dmitriy Dyachenko,2.6666666666666665,3,14.697900151955766,16.159097085378274,1.7340511139166819,6.8,0.6666666666666666
nm3315387,Vishnuvardhan,2.6666666666666665,3,15.218334466936984,16.001561947061912,1.202232159848152,6.566666666666666,0.6666666666666666
nm3324251,Glenn Berggoetz,3.2,5,9.497097016351463,9.286615993080476,2.1169451272755344,4.66,0.8
nm3350008,Masoud Dehnamaki,4.0,3,9.210440366976517,11.51293546492023,2.3978952727983707,3.533333333333333,1.0
nm3401779,Andrew Erwin,2.6666666666666665,3,15.607270193858982,16.125416289575952,1.3594426836268114,6.133333333333333,0.6666666666666666
nm3550361,Sarik Andreasyan,2.6666666666666665,6,14.914123179965662,15.844892846146372,1.3039294996106991,4.55,0.6666666666666666
nm3946106,Vysakh,2.0,4,13.775557196489745,14.671060348757171,1.158310492330415,5.3,0.5
